index,original,replacement,answers,comment,split,lesson,part
2,ありがとう,有難う,,a (Usually written using kana alone),,,
3,ありがとうございます,有難う御座います,,a (Usually written using kana alone),,,
5,いただきます,頂きます,,a (Usually written using kana alone),,,
6,いってきます,行ってきます,,,,,
7,いってらっしゃい,行ってらっしゃい,,,,,
8,おかえり（なさい）,お帰り（なさい）,"おかえり,おかえりなさい",,,,
9,おはよう,お早う,,a (Usually written using kana alone),,,
10,おはようございます,お早う御座います,,a (Usually written using kana alone),,,
11,おやすみ（なさい）,お休み（なさい）,"おやすみ,おやすみなさい",,,,
12,ごちそうさま（でした）,ご馳走様（でした）,"ごちそうさま,ごちそうさまでした",,,,
13,こんにちは,今日は,,a (Usually written using kana alone),,,
14,こんばんは,今晩は,,a (Usually written using kana alone),,,
15,さようなら,左様なら,,a (Usually written using kana alone),,,
16,すみません,済みません,,a (Usually written using kana alone),,,
17,ただいま,只今,,a (Usually written using kana alone),,,
19,はじめまして,初めまして,,a (Usually written using kana alone),,,
117,あそこ,彼処,,a (Usually written using kana alone),,,
118,あの,彼の,,a (Usually written using kana alone),,,
119,あれ,彼 (not かれ),,a (Usually written using kana alone),,,
120,いくら,幾ら,,a (Usually written using kana alone),,,
124,おいしい,美味しい,,a (Usually written using kana alone),,,
125,おねがいします（～を）,お願いします（～を）,,,,,
127,かばん,鞄,,a (Usually written using kana alone),,,
129,ください（～を）,下さい（～を）,,a (Usually written using kana alone),,,
131,ここ,此処,,a (Usually written using kana alone),,,
132,この,此の,,a (Usually written using kana alone),,,
133,これ,此れ,,a (Usually written using kana alone),,,
142,そこ,其処,,a (Usually written using kana alone),,,
143,その,其の,,a (Usually written using kana alone),,,
144,それ,其れ,,a (Usually written using kana alone),,,
146,だれ,誰,,a (Usually written using kana alone),,,
152,どこ,何処,,a (Usually written using kana alone),,,
154,どの,何の,,a (Usually written using kana alone),,,
155,どれ,何れ,,a (Usually written using kana alone),,,
156,とんかつ,豚カツ,,a (Usually written using kana alone),,,
165,いす,椅子,,,,,
178,あまり ＋ negative,余り ＋ negative,,a (Usually written using kana alone),,,
179,いい,良い,,a (Commonly written using kana alone),,,
182,いつ,何時 (not なんじ),いつ,a (Usually written using kana alone),y,,
182,いつ,何時 (not いつ),なんじ,Wwhat time; which hour,,,
183,うち,家 (not いえ),,a (Usually written using kana alone),,,
204,たいてい,大抵,,a (Usually written using kana alone),,,
207,ちょっと,一寸,,a (Usually written using kana alone),,,
228,よく,良く,,a (Usually written using kana alone),,,
232,あなた,貴方,,a (Usually written using kana alone),,,
233,ある,有る,,a (Usually written using kana alone),,,
237,いる,居る,,W(a person) is in . . . ; stays at . . . (Usually written using kana alone),y,,ru-v.
237,いる,要る,,Wto need (Usually written using kana alone),,,u-v.
254,ごめんなさい,御免なさい,,a (Usually written using kana alone),,,
261,それから,其れから,,a (Usually written using kana alone),,,
263,たくさん,沢山,,a (Usually written using kana alone),,,
267,どうして,如何して,,a (Usually written using kana alone),,,
289,わかる,分かる,,a (Usually written using kana alone),,,
290,あさって,明後日,,,,,
292,おととい,一昨日,,,,,
293,おととし,一昨年,,,,,
307,十一日,,"じゅういちにち,じゅうついたち",,,,
325,おまんじゅう,お饅頭,,,,,
326,まんじゅう,饅頭,,,,,
339,かっこいい,格好いい,,a (Usually written using kana alone),,,
342,きれい（な）,綺麗,,a (Usually written using kana alone),,,
351,すごく,凄く,,a (Usually written using kana alone),,,
359,つまらない,詰らない,,a (Usually written using kana alone),,,
363,とても,迚も,,a (Usually written using kana alone),,,
365,にぎやか（な）,賑やか,,,,,
376,やさしい,易しい,,Weasy (problem) (Usually written using kana alone),y,,
376,やさしい,優しい,,Wkind (person),,,
379,やる,遣る,,a (Usually written using kana alone),,,
412,すぐ,直ぐ,,a (Usually written using kana alone),,,
418,つける,点ける,,a (Usually written using kana alone),,,
442,まっすぐ,真っ直ぐ,,a (Usually written using kana alone),,,
450,いつも,何時も,,a (Usually written using kana alone),,,
461,おじいさん,お祖父さん,,a (Usually written using kana alone),,,
462,おばあさん,お祖母さん,,a (Usually written using kana alone),,,
464,かける（眼鏡を）,掛ける（眼鏡を）,,a (Usually written using kana alone),,,
466,かぶる,被る,,a (Usually written using kana alone),,,
468,かわいい,可愛い,,a (Usually written using kana alone),,,
487,はく,履く,,a (Usually written using kana alone),,,
500,もちろん,勿論,,a (Usually written using kana alone),,,
501,やせています,痩せています,,,,,
502,やせる,痩せる,,,,,
503,よかったら,良かったら,,a (Usually written using kana alone),,,
507,おなか,お腹,,,,,
526,みんな,皆,,a (Usually written using kana alone),,,
554,どう,如何,,a (Usually written using kana alone),,,
559,～について,～に就いて,,a (Usually written using kana alone),,,
562,はし,箸,,,,,
573,みんなで,皆で,,a (Usually written using kana alone),,,
579,いちご,苺,,a (Usually written using kana alone),,,
582,きゅうり,胡瓜,,a (Usually written using kana alone),,,
583,じゃがいも,じゃが芋,,a (Usually written using kana alone),,,
584,すいか,西瓜,,a (Usually written using kana alone),,,
585,たまねぎ,玉ねぎ,,a (Usually written using kana alone),,,
587,なす,茄子,,a (Usually written using kana alone),,,
588,にんじん,人参,,a (Usually written using kana alone),,,
593,ぶどう,葡萄,,a (Usually written using kana alone),,,
594,みかん,蜜柑,,a (Usually written using kana alone),,,
595,もも,桃,,a (Usually written using kana alone),,,
596,りんご,林檎,,a (Usually written using kana alone),,,
606,まず,先ず,,a (Usually written using kana alone),,,
638,ところで,所で,,a (Usually written using kana alone),,,
653,もらう,貰う,,a (Usually written using kana alone),,,
680,ごちそう,ご馳走,,,,,
681,そして,而して,,a (Usually written using kana alone),,,
694,かかる,掛かる,,a (Usually written using kana alone),,,
695,～か月,～ヶ月,,,,,
703,このごろ,この頃,,a (Usually written using kana alone),,,
709,すし,寿司,,,,,
722,どっち,何方,,a (Usually written using kana alone),,,
723,どのぐらい,どの位,,a (Usually written using kana alone),,,
725,なる,成る,,a (Usually written using kana alone),,,
765,いいこと,良い事,,a (Usually written using kana alone),,,
767,おじぞうさん,お地蔵さん,,"WKshitigarbha (Buddhism: bodhisattva (guardian deity) who looks over children, travellers and the underworld); Jizō",,,
769,おもち,お餅,,a (Usually written using kana alone),,,
770,かさ,笠,,a (Usually written using kana alone),,,
772,かぶせる,被せる,,a (Usually written using kana alone),,,
775,じぞう,地蔵,,"WKshitigarbha (Buddhism: bodhisattva (guardian deity) who looks over children, travellers and the underworld); Jizō",,,
780,とる,取る,,Ato take off,,読L10-II,
781,びっくりする,吃驚する,,a (Usually written using kana alone),,,
783,もち,餅,,a (Usually written using kana alone),,,
786,うそをつく,嘘を吐く,,a (吐く is usually written using kana alone),,,
789,おなかがすく,お腹が空く,,,,,
791,おもちゃ,お玩具,,a (Usually written using kana alone),,,
801,けんかする,喧嘩する,,,,,
803,こちら,此方,,a (Usually written using kana alone),,,
821,つり,釣り,,,,,
836,やめる,辞める,,,,,
842,かたい言い方,固い言い方,,,,,
843,かっこ,括弧,,a (Usually written using kana alone),,,
846,くだけた言い方,砕けた言い方,,a (Usually written using kana alone),,,
851,ていねいな言い方,丁寧な言い方,,,,,
852,ばつ,ｘ（罰）,,a (Usually written using kana alone),,,
857,ほかに,他に,,a (Usually written using kana alone),,,
858,まる,○（丸）,,a (Usually written using kana alone),,,
864,こと,事,,a (Usually written using kana alone),,,
865,これから,此れから,,a (Usually written using kana alone),,,
895,せき,咳,,,,,
896,せきが出る,咳が出る,,,,,
898,それに,其れに,,a (Usually written using kana alone),,,
902,できるだけ,出来る丈,,a (Usually written using kana alone),,,
903,なくす,無くす,,a (Usually written using kana alone),,,
915,もうすぐ,もう直ぐ,,a (Usually written using kana alone),,,
924,くしゃみ,嚏,,a (Usually written using kana alone),,,
925,けが,怪我,,,,,
948,めまいがする,眩暈がする,,a (Usually written using kana alone),,,
949,やけどをする,火傷をする,,a (Usually written using kana alone),,,
957,かなう,叶う,,,,,
960,たんざく,短冊,,"Wlong, narrow strip of paper on which Japanese poems are written (vertically)"​,,,
979,うれしい,嬉しい,,,,,
997,すごい,凄い,,a (Usually written using kana alone),,,
1037,かめ,亀,,,,,
1039,すっぽん,鼈,,a (Usually written using kana alone),,,
1041,なべ,鍋,,,,,
1042,なんでも,何でも,,a (Usually written using kana alone),,,
1045,めずらしい,珍しい,,,,,
1047,やっぱり,矢っ張り,,a (Usually written using kana alone),,,
1059,あきらめる,諦める,,,,,
1060,あげる,上げる,,Ato give (to others),,会L14,
1067,おじさん,伯父さん/叔父さん,,"Wuncle, 伯父さん is older than one's parent and 叔父さん is younger (Usually written using kana alone)",y,,
1067,おじさん,小父さん,,Wold/middle-aged man; mister​ (Usually written using kana alone),,,
1069,おばさん,伯母さん/叔母さん,,"W伯母さん is older than one's parent and 叔母さん is younger (Usually written using kana alone)",y,,
1069,おばさん,小母さん,,Wold/middle-aged woman; ma'am (Usually written using kana alone),,,
1072,くれる,呉れる,,a (Usually written using kana alone),,,
1087,ちょうど,丁度,,a (Usually written using kana alone),,,
1089,できる,出来る,,a (Usually written using kana alone),,,
1090,どうしたらいい,どうしたら良い,,a (Usually written using kana alone),,,
1093,ぬいぐるみ,縫いぐるみ,,a (Usually written using kana alone),,,
1140,しゃべる,喋る,,a (Usually written using kana alone),,,
1146,そば,蕎麦,,a (Usually written using kana alone),,,
1180,くじら,鯨,,a (Usually written using kana alone),,,
1213,おごる,奢る,,a (Usually written using kana alone),,,
1222,このぐらい,この位,,a (Usually written using kana alone),,,
1224,ごみ,塵,,a (Usually written using kana alone),,,
1225,ごめん,御免,,a (Usually written using kana alone),,,
1260,どこでも,何処でも,,a (Usually written using kana alone),,,
1273,いれる,入れる,,"a (Also 淹れる)",,会L17,
1274,うらやましい,羨ましい,,,,,
1278,おめでとうございます,御目出度う御座います,,a (Usually written using kana alone),,,
1297,ずいぶん,随分,,a (Usually written using kana alone),,,
1315,ひげ,髭,,a (Usually written using kana alone),,,
1316,ひげをそる,髭を剃る,,a (髭 is usually written using kana alone),,,
1328,すく,空く,,,,,
1330,そめる,染める,,,,,
1331,そる,剃る,,,,,
1332,そろえる,揃える,,,,,
1344,しかし,然し,,a (Usually written using kana alone),,,
1356,はしご,梯子,,a (Usually written using kana alone),,,
